{"40.0": {"p1": [386.0, 311.0], "p2": [428.0, 311.0], "p3": [428.0, 352.0], "p4": [386.0, 352.0], "acc": 0.9997313618659973}, "60.0": {"p1": [583.0, 312.0], "p2": [627.0, 312.0], "p3": [627.0, 352.0], "p4": [583.0, 352.0], "acc": 0.9921485185623169}, "80.0": {"p1": [675.0, 462.0], "p2": [716.0, 462.0], "p3": [716.0, 497.0], "p4": [675.0, 497.0], "acc": 0.9985086917877197}, "100.0": {"p1": [592.0, 641.0], "p2": [662.0, 641.0], "p3": [662.0, 691.0], "p4": [592.0, 691.0], "acc": 0.999542236328125}}